<?xml version="1.0" encoding="UTF-8"?>
<config xmlns="http://www.knime.org/2008/09/XMLConfig" xmlns:xsi="http://www.w3.org/2001/XMLSchema-instance" xsi:schemaLocation="http://www.knime.org/2008/09/XMLConfig http://www.knime.org/XMLConfig_2008_09.xsd" key="MiningSchema">
    <config key="learning">
        <entry key="array-size" type="xint" value="9"/>
        <entry key="0" type="xstring" value="number"/>
        <entry key="1" type="xstring" value="air_pressure_9am"/>
        <entry key="2" type="xstring" value="air_temp_9am"/>
        <entry key="3" type="xstring" value="avg_wind_direction_9am"/>
        <entry key="4" type="xstring" value="avg_wind_speed_9am"/>
        <entry key="5" type="xstring" value="max_wind_direction_9am"/>
        <entry key="6" type="xstring" value="max_wind_speed_9am"/>
        <entry key="7" type="xstring" value="rain_accumulation_9am"/>
        <entry key="8" type="xstring" value="rain_duration_9am"/>
    </config>
    <config key="target">
        <entry key="array-size" type="xint" value="1"/>
        <entry key="0" type="xstring" value="low_humidity_day"/>
    </config>
</config>
